frame,frameTimeNs
0,81095500
1,82123100
2,86901000
3,94100800
4,82525000
5,82117200
6,81627500
7,80787600
8,82174800
9,83167800
10,81209100
11,82195800
12,81661700
13,82156500
14,81716100
15,81551400
16,86967000
17,81643100
18,82288400
19,82613400
20,82186300
21,81657400
22,81700600
23,81674600
24,81142900
25,82477000
26,86339700
27,82154200
28,81927400
29,82169100
30,82405500
31,82124800
32,82950100
33,82641600
34,82213900
35,82632000
36,84648800
37,82817500
38,81724600
39,86597300
40,82119800
41,81798600
42,81791300
43,81701300
44,81953600
45,81160000
46,81939900
47,82557300
48,82733600
49,82006900
50,82140500
51,82123700
52,82167500
53,82123900
54,82229800
55,82327600
56,82204300
57,82210800
58,82586200
59,82610800
60,82040000
61,82209200
62,83113300
63,81706800
64,81596700
65,81621200
66,81035500
67,82478600
68,81834200
69,82249500
70,82694800
71,82479800
72,81670800
73,81709400
74,81947900
75,81331500
76,82640400
77,82065400
78,81130200
79,81689700
80,82117400
81,81639600
82,82004900
83,84086200
84,82299500
85,81654400
86,81670200
87,81189400
88,81569000
89,82454400
90,84401900
91,81614000
92,81602500
93,81672400
94,82041200
95,82516900
96,81599700
97,81136700
98,82243200
99,82341500
100,81624500
101,81629500
102,81158800
103,81828200
104,92384500
105,82579300
106,81680000
107,82573300
108,81207800
109,81109800
110,83567400
111,81897500
112,81654500
113,87195300
114,82240500
115,81350300
116,81670600
117,81176300
118,81470100
119,82698600
120,81714500
121,82829500
122,82370900
123,82078600
124,82838300
125,82835700
126,82285700
127,83823200
128,82926500
129,82199600
130,82738500
131,82818800
132,82845000
133,82238800
134,83657700
135,82768300
136,82197000
137,81704100
138,81850900
139,82076200
140,81333100
141,82741900
142,81667400
143,81717700
144,81198000
145,81666300
146,86760500
147,81393700
148,86913000
149,82771200
150,82422000
151,82244600
152,82230300
153,82644300
154,82637800
155,82669900
156,82619900
157,81656000
158,81621000
159,81239000
160,80707900
161,81722300
162,81753000
163,86157200
164,82378900
165,81679800
166,81210900
167,81765300
168,80694800
169,81938600
170,85290000
171,81556300
172,84439200
173,82015400
174,81607300
175,90302500
176,82560200
177,83557400
178,81821000
179,81190800
180,81878200
181,81673700
182,82795500
183,84373600
184,82747600
185,83164500
186,82287900
187,82356000
188,82036800
189,82247000
190,81611400
191,82643600
192,82314500
193,82192400
194,81842600
195,82048100
196,81891000
197,81498800
198,82669400
199,81787500
200,81758800
201,81699000
202,81674100
203,80722500
204,81564900
205,87189300
206,82269700
207,81682000
208,81949500
209,82096200
210,81950600
211,82101800
212,83156700
213,82159300
214,82186300
215,82102300
216,82910300
217,81736600
218,83122300
219,94279000
220,82862700
221,82663700
222,82073700
223,81594800
224,82307200
225,87448700
226,81601200
227,81714100
228,82723400
229,82760100
230,81787900
231,82533000
232,82697300
233,82147600
234,82285900
235,82311100
236,82185700
237,81630100
238,81599700
239,81606700
240,83621300
241,82859000
242,87283600
243,82689600
244,81889900
245,82270400
246,81119400
247,81639500
248,81667900
249,82121900
250,82169500
251,81134700
252,81689100
253,81940200
254,84362900
255,82404100
256,86158700
257,82267900
258,81893100
259,81614300
260,81110500
261,93573900
262,81425200
263,81184500
264,81643500
265,81688200
266,81769600
267,81166700
268,81417600
269,81804100
270,86680400
271,82585900
272,81551200
273,81635200
274,81698200
275,82216900
276,82997300
277,82703900
278,82452500
279,83790900
280,82327100
281,82314800
282,81689200
283,83425500
284,87515300
285,82590700
286,81610600
287,81614000
288,81658000
289,81586200
290,82222700
291,87290700
292,82136900
293,81241000
294,81801700
295,81207500
296,81121400
297,86968300
298,84667300
299,85620500
300,83149500
301,82743700
302,82332500
303,82881100
304,86244500
305,82651700
306,82590500
307,82632000
308,82257400
309,81605700
310,81617100
311,81673900
312,83151900
313,82294300
314,82192700
315,82589600
316,81667400
317,81684300
318,82121900
319,81089600
320,81223000
321,81679000
322,81972900
323,82921900
324,81689600
325,81162800
326,82195600
327,86273900
328,82128900
329,85352300
330,81227200
331,81699000
332,80758900
333,81726500
334,87869700
335,82586400
336,82686100
337,81666100
338,81200000
339,80758900
340,83929900
341,81282600
342,81626900
343,81256100
344,81869000
345,81722000
346,81291400
347,81317600
348,81101000
349,82145700
350,81610300
351,81610000
352,81118100
353,81568800
354,81130900
355,82817800
356,86756500
357,81736900
358,81358500
359,82264200
360,83129600
361,81350400
362,80674800
363,80718900
