utc,elapsed_seconds,debug_fps,world_loaded,paused,in_game_focus,current_screen,display_width,display_height
2026-10-05T05:51:43.695259800Z,0.001,1622,true,true,false,net.minecraft.client.gui.GuiIngameMenu,640,480
2026-10-05T05:51:44.697438600Z,1.003,1282,true,true,false,net.minecraft.client.gui.GuiIngameMenu,640,480
2026-10-05T05:51:45.695055600Z,2.001,1592,true,true,false,net.minecraft.client.gui.GuiIngameMenu,640,480
2026-10-05T05:51:46.696012800Z,3.002,1593,true,true,false,net.minecraft.client.gui.GuiIngameMenu,640,480
2026-10-05T05:51:47.695569200Z,4.001,1570,true,true,false,net.minecraft.client.gui.GuiIngameMenu,640,480
2026-10-05T05:51:48.697015900Z,5.003,1551,true,true,false,net.minecraft.client.gui.GuiIngameMenu,640,480
2026-10-05T05:51:49.695643100Z,6.001,1567,true,true,false,net.minecraft.client.gui.GuiIngameMenu,640,480
2026-10-05T05:51:50.696897100Z,7.002,1587,true,true,false,net.minecraft.client.gui.GuiIngameMenu,640,480
2026-10-05T05:51:51.695761100Z,8.001,1537,true,true,false,net.minecraft.client.gui.GuiIngameMenu,640,480
2026-10-05T05:51:52.695399700Z,9.001,1584,true,true,false,net.minecraft.client.gui.GuiIngameMenu,640,480
2026-10-05T05:51:53.695283800Z,10.001,1593,true,true,false,net.minecraft.client.gui.GuiIngameMenu,640,480
2026-10-05T05:51:54.695193800Z,11.001,1570,true,true,false,net.minecraft.client.gui.GuiIngameMenu,640,480
2026-10-05T05:51:55.696074100Z,12.002,1583,true,true,false,net.minecraft.client.gui.GuiIngameMenu,640,480
2026-10-05T05:51:56.694693300Z,13.000,1607,true,true,false,net.minecraft.client.gui.GuiIngameMenu,640,480
2026-10-05T05:51:57.697258500Z,14.003,1596,true,true,false,net.minecraft.client.gui.GuiIngameMenu,640,480
2026-10-05T05:51:58.698200300Z,15.004,1608,true,true,false,net.minecraft.client.gui.GuiIngameMenu,640,480
2026-10-05T05:51:59.694986Z,16.001,1624,true,true,false,net.minecraft.client.gui.GuiIngameMenu,640,480
2026-10-05T05:52:00.694882Z,17.001,1565,true,true,false,net.minecraft.client.gui.GuiIngameMenu,640,480
2026-10-05T05:52:01.695487300Z,18.001,1596,true,true,false,net.minecraft.client.gui.GuiIngameMenu,640,480
2026-10-05T05:52:02.695433700Z,19.001,1524,true,true,false,net.minecraft.client.gui.GuiIngameMenu,640,480
2026-10-05T05:52:03.695090200Z,20.001,1538,true,true,false,net.minecraft.client.gui.GuiIngameMenu,640,480
2026-10-05T05:52:04.694853900Z,21.001,1526,true,true,false,net.minecraft.client.gui.GuiIngameMenu,640,480
2026-10-05T05:52:05.694461700Z,22.000,1557,true,true,false,net.minecraft.client.gui.GuiIngameMenu,640,480
2026-10-05T05:52:06.695391700Z,23.001,1570,true,true,false,net.minecraft.client.gui.GuiIngameMenu,640,480
2026-10-05T05:52:07.695051200Z,24.001,1586,true,true,false,net.minecraft.client.gui.GuiIngameMenu,640,480
2026-10-05T05:52:08.695308500Z,25.001,1609,true,true,false,net.minecraft.client.gui.GuiIngameMenu,640,480
2026-10-05T05:52:09.695143600Z,26.001,1584,true,true,false,net.minecraft.client.gui.GuiIngameMenu,640,480
2026-10-05T05:52:10.695188Z,27.001,1598,true,true,false,net.minecraft.client.gui.GuiIngameMenu,640,480
2026-10-05T05:52:11.694788900Z,28.001,1574,true,true,false,net.minecraft.client.gui.GuiIngameMenu,640,480
2026-10-05T05:52:12.695761700Z,29.002,1601,true,true,false,net.minecraft.client.gui.GuiIngameMenu,640,480
2026-10-05T05:52:13.696421100Z,30.002,1578,true,true,false,net.minecraft.client.gui.GuiIngameMenu,640,480
2026-10-05T05:52:14.695986Z,31.002,1614,true,true,false,net.minecraft.client.gui.GuiIngameMenu,640,480
2026-10-05T05:52:15.695980300Z,32.002,1623,true,true,false,net.minecraft.client.gui.GuiIngameMenu,640,480
2026-10-05T05:52:16.694646100Z,33.001,1579,true,true,false,net.minecraft.client.gui.GuiIngameMenu,640,480
2026-10-05T05:52:17.697806400Z,34.004,1583,true,true,false,net.minecraft.client.gui.GuiIngameMenu,640,480
2026-10-05T05:52:18.694696900Z,35.001,1516,true,true,false,net.minecraft.client.gui.GuiIngameMenu,640,480
2026-10-05T05:52:19.694444900Z,36.000,1418,true,true,false,net.minecraft.client.gui.GuiIngameMenu,640,480
2026-10-05T05:52:20.695390700Z,37.001,1519,true,true,false,net.minecraft.client.gui.GuiIngameMenu,640,480
2026-10-05T05:52:21.695211100Z,38.001,1555,true,true,false,net.minecraft.client.gui.GuiIngameMenu,640,480
2026-10-05T05:52:22.695017900Z,39.001,1572,true,true,false,net.minecraft.client.gui.GuiIngameMenu,640,480
2026-10-05T05:52:23.694565400Z,40.001,1580,true,true,false,net.minecraft.client.gui.GuiIngameMenu,640,480
2026-10-05T05:52:24.696379100Z,41.002,1586,true,true,false,net.minecraft.client.gui.GuiIngameMenu,640,480
2026-10-05T05:52:25.695685500Z,42.002,1585,true,true,false,net.minecraft.client.gui.GuiIngameMenu,640,480
2026-10-05T05:52:26.694232700Z,43.001,1490,true,true,false,net.minecraft.client.gui.GuiIngameMenu,640,480
2026-10-05T05:52:27.696858900Z,44.003,1438,true,true,false,net.minecraft.client.gui.GuiIngameMenu,640,480
2026-10-05T05:52:28.694589600Z,45.001,1608,true,true,false,net.minecraft.client.gui.GuiIngameMenu,640,480
2026-10-05T05:52:29.694909800Z,46.001,1107,true,true,false,net.minecraft.client.gui.GuiIngameMenu,640,480
2026-10-05T05:52:30.694706900Z,47.001,103,true,true,false,net.minecraft.client.gui.GuiIngameMenu,640,480
2026-10-05T05:52:31.695492600Z,48.002,1599,true,true,false,net.minecraft.client.gui.GuiIngameMenu,640,480
2026-10-05T05:52:32.694079400Z,49.000,1625,true,true,false,net.minecraft.client.gui.GuiIngameMenu,640,480
2026-10-05T05:52:33.694679Z,50.001,1636,true,true,false,net.minecraft.client.gui.GuiIngameMenu,640,480
2026-10-05T05:52:34.694285500Z,51.001,1605,true,true,false,net.minecraft.client.gui.GuiIngameMenu,640,480
2026-10-05T05:52:35.694994400Z,52.001,1618,true,true,false,net.minecraft.client.gui.GuiIngameMenu,640,480
2026-10-05T05:52:36.697940600Z,53.004,1638,true,true,false,net.minecraft.client.gui.GuiIngameMenu,640,480
2026-10-05T05:52:37.696304700Z,54.003,1575,true,true,false,net.minecraft.client.gui.GuiIngameMenu,640,480
2026-10-05T05:52:38.695228Z,55.002,1582,true,true,false,net.minecraft.client.gui.GuiIngameMenu,640,480
2026-10-05T05:52:39.696173600Z,56.002,1579,true,true,false,net.minecraft.client.gui.GuiIngameMenu,640,480
2026-10-05T05:52:40.695007200Z,57.001,1525,true,true,false,net.minecraft.client.gui.GuiIngameMenu,640,480
2026-10-05T05:52:41.694747800Z,58.001,1415,true,false,true,none,640,480
2026-10-05T05:52:42.694529700Z,59.001,1531,true,false,true,none,640,480
2026-10-05T05:52:43.696052700Z,60.002,1617,true,false,true,none,640,480
2026-10-05T05:52:44.695951Z,61.002,1640,true,false,true,none,640,480
2026-10-05T05:52:45.694988300Z,62.001,1641,true,false,true,none,640,480
2026-10-05T05:52:46.694830400Z,63.001,1678,true,false,true,none,640,480
2026-10-05T05:52:47.695493800Z,64.002,1691,true,false,true,none,640,480
2026-10-05T05:52:48.695585600Z,65.002,1677,true,false,true,none,640,480
2026-10-05T05:52:49.696289500Z,66.003,1708,true,false,true,none,640,480
2026-10-05T05:52:50.696285700Z,67.003,1651,true,false,true,none,640,480
2026-10-05T05:52:51.694257300Z,68.001,1622,true,false,true,none,640,480
2026-10-05T05:52:52.693855100Z,69.000,1689,true,false,true,none,640,480
2026-10-05T05:52:53.694758800Z,70.001,1649,true,false,true,none,640,480
2026-10-05T05:52:54.695135900Z,71.002,1659,true,false,true,none,640,480
2026-10-05T05:52:55.697266400Z,72.004,1623,true,false,true,none,640,480
2026-10-05T05:52:56.694212300Z,73.001,1652,true,false,true,none,640,480
2026-10-05T05:52:57.695157300Z,74.002,1594,true,false,true,none,640,480
2026-10-05T05:52:58.694870700Z,75.001,1603,true,false,true,none,640,480
2026-10-05T05:52:59.695430500Z,76.002,1687,true,false,true,none,640,480
2026-10-05T05:53:00.696199400Z,77.003,1680,true,false,true,none,640,480
2026-10-05T05:53:01.694534500Z,78.001,1670,true,false,true,none,640,480
2026-10-05T05:53:02.694339800Z,79.001,1701,true,false,true,none,640,480
2026-10-05T05:53:03.694267900Z,80.001,1632,true,false,true,none,640,480
2026-10-05T05:53:04.694341400Z,81.001,1701,true,false,true,none,640,480
2026-10-05T05:53:05.694436200Z,82.001,1680,true,false,true,none,640,480
2026-10-05T05:53:06.694492800Z,83.001,1722,true,false,true,none,640,480
2026-10-05T05:53:07.694857500Z,84.002,1667,true,false,true,none,640,480
2026-10-05T05:53:08.694391400Z,85.001,1712,true,false,true,none,640,480
2026-10-05T05:53:09.695501800Z,86.002,1759,true,false,true,none,640,480
2026-10-05T05:53:10.695613600Z,87.002,1709,true,false,true,none,640,480
2026-10-05T05:53:11.694767500Z,88.002,1723,true,false,true,none,640,480
2026-10-05T05:53:12.694579800Z,89.001,1690,true,false,true,none,640,480
